,offspeed_avg_spin,fastball_avg_spin,breaking_avg_spin
count,197.0,200.0,200.0
mean,1732.1624365482232,2299.32,2488.45
std,251.02275287180456,163.78895478188605,245.81327942507204
min,640.0,1885.0,1869.0
25%,1571.0,2195.5,2330.0
50%,1725.0,2294.0,2503.0
75%,1914.0,2403.25,2655.0
max,2299.0,2819.0,3053.0
