,offspeed_avg_spin,breaking_avg_break,n_offspeed_formatted
count,99.0,100.0,99.0
mean,1721.7676767676767,11.549000000000001,12.428282828282828
std,239.9890230603172,4.25636765993795,8.59927667110035
min,640.0,2.7,0.3
25%,1578.0,8.425,5.5
50%,1700.0,11.2,10.2
75%,1856.0,14.475,17.2
max,2287.0,22.2,41.6
